Date,new_price,Product_Category,Store_Location,Promotion,Weekday,Replenishment_Lead_Time,Supplier_Cost,Sales_Volume
1/1/2022,9.347633028,0,0,0,5,9,9.299280855,471
2/1/2022,16.67356794,1,0,0,6,5,13.27410858,527
3/1/2022,15.82376799,2,1,0,0,9,13.30226484,581
4/1/2022,16.96859572,1,0,1,1,5,10.05615845,530
5/1/2022,4.309673395,1,1,1,2,8,3.562861556,880
6/1/2022,19.25483048,3,0,1,3,1,13.01345405,781
7/1/2022,14.33338015,2,2,0,4,7,13.34835481,966
8/1/2022,17.07866055,2,1,0,5,4,3.351476982,749
9/1/2022,12.94653155,2,1,1,6,5,11.19267824,1131
10/1/2022,14.97165567,1,0,1,0,6,4.654533459,503
11/1/2022,15.58675387,0,1,0,1,5,12.13828453,389
12/1/2022,17.40931358,2,1,0,2,1,14.95994955,525
13/1/2022,11.32270994,1,2,0,3,9,0.935377077,892
14/1/2022,15.53420785,3,2,0,4,2,13.51180505,919
15/1/2022,12.17310918,0,0,1,5,9,9.528142737,782
16/1/2022,27.54156936,3,2,0,6,2,14.61404798,1045
17/1/2022,8.514788227,0,0,0,0,9,7.242638004,160
18/1/2022,12.94169722,1,0,0,1,6,12.78712499,255
19/1/2022,12.35674774,4,0,1,2,9,1.404713995,970
20/1/2022,16.0661658,0,1,1,3,6,5.361546226,782
21/1/2022,13.44517744,3,2,0,4,6,1.471739797,1035
22/1/2022,19.85053301,1,0,0,5,2,14.64247544,372
23/1/2022,16.06862879,0,2,0,6,8,12.34612166,859
24/1/2022,14.27962473,4,0,1,0,3,12.86193761,824
25/1/2022,16.0079413,4,2,1,1,7,14.10049586,1341
26/1/2022,9.850443333,2,2,1,2,5,1.734000549,1113
27/1/2022,16.88396321,2,0,0,3,3,6.091165091,411
28/1/2022,5.480049785,3,1,1,4,1,1.530005891,1023
29/1/2022,15.74400393,0,2,0,5,8,3.556499972,828
30/1/2022,8.700893479,0,1,0,6,3,3.825803767,529
31/1/2022,12.43525229,2,1,0,0,2,7.30205456,432
1/2/2022,13.01827013,0,0,1,1,1,4.394151428,319
2/2/2022,8.084124107,0,0,0,2,4,1.964182549,191
3/2/2022,10.7396889,4,0,1,3,8,2.928620792,1029
4/2/2022,8.847592318,2,2,1,4,3,2.635495672,1145
5/2/2022,23.67034664,1,0,0,5,1,14.60961357,417
6/2/2022,11.93756022,2,0,0,6,4,11.50974135,543
7/2/2022,23.81521138,1,2,1,0,9,14.53254125,936
8/2/2022,8.695395183,4,2,0,1,1,6.876237054,876
9/2/2022,12.2654496,3,0,1,2,2,4.536342984,771
10/2/2022,12.11959455,0,0,0,3,9,12.07525136,380
11/2/2022,13.5898043,4,0,1,4,2,5.230681812,926
12/2/2022,6.837626188,0,0,1,5,3,4.841058919,642
13/2/2022,13.39034167,3,1,1,6,7,3.871336887,1238
14/2/2022,6.930813077,3,1,1,0,3,2.380345184,854
15/2/2022,8.581872977,4,0,0,1,9,4.218714385,656
16/2/2022,17.30173882,3,1,0,2,6,5.652136353,739
17/2/2022,16.7621719,1,2,1,3,3,10.27291602,962
18/2/2022,12.17984003,3,1,1,4,9,1.407190212,1224
19/2/2022,12.37556562,0,1,0,5,1,3.552350625,511
20/2/2022,12.56903607,0,0,0,6,3,12.23084278,341
21/2/2022,5.503529285,0,1,0,0,1,2.630367892,231
22/2/2022,5.472880095,0,1,0,1,2,5.468354625,304
23/2/2022,17.79048372,1,1,0,2,8,13.03755437,567
24/2/2022,9.398463102,2,1,0,3,7,2.746417012,673
25/2/2022,7.286897897,4,2,1,4,2,1.699684116,1319
26/2/2022,9.526773903,0,0,0,5,2,7.525800929,289
27/2/2022,13.71841763,3,0,0,6,9,4.885082914,815
28/2/2022,11.70542064,0,2,1,0,6,8.669421285,836
1/3/2022,13.45421495,3,1,0,1,5,12.15517091,638
2/3/2022,12.16980305,3,2,0,2,6,2.488653078,943
3/3/2022,19.02308374,0,1,0,3,9,8.920136726,444
4/3/2022,8.643637871,1,2,0,4,7,7.829877026,874
5/3/2022,7.82576421,3,0,0,5,9,2.589142397,677
6/3/2022,9.878159434,3,0,1,6,4,9.54797804,969
7/3/2022,12.505225,0,0,0,0,2,4.467786059,6
8/3/2022,7.777909008,3,1,1,1,8,7.573597619,971
9/3/2022,11.13672658,3,1,1,2,4,1.692948702,1014
10/3/2022,15.85401627,0,2,0,3,9,7.16396883,715
11/3/2022,14.40232629,0,2,1,4,4,4.943720287,990
12/3/2022,14.82899841,4,0,0,5,8,12.42452756,808
13/3/2022,17.42010738,1,1,1,6,9,1.326191541,1094
14/3/2022,11.60466474,1,2,1,0,9,6.569805486,982
15/3/2022,11.25821095,3,1,0,1,4,7.14725565,591
16/3/2022,11.59291487,1,1,0,2,1,11.01258811,449
17/3/2022,19.74716663,3,0,0,3,3,8.827169839,495
18/3/2022,11.09084645,4,0,0,4,9,10.17457889,733
19/3/2022,14.76306146,0,1,0,5,4,11.76721464,517
20/3/2022,14.68390644,0,1,1,6,5,13.00194312,945
21/3/2022,13.16005637,0,1,1,0,7,5.051194702,665
22/3/2022,8.800851702,1,1,1,1,5,8.301329228,739
23/3/2022,16.59355896,4,0,1,2,4,12.68156714,869
24/3/2022,23.67562837,1,2,1,3,2,14.8470414,980
25/3/2022,19.84831807,1,0,1,4,2,13.39803001,702
26/3/2022,12.10874331,4,2,1,5,4,5.886275308,1441
27/3/2022,14.07594945,4,1,0,6,9,3.3299145,1092
28/3/2022,8.550200781,4,2,0,0,8,7.596191792,990
29/3/2022,11.86174863,4,0,1,1,3,11.25380105,817
30/3/2022,14.03338698,0,0,1,2,9,7.642251526,572
31/3/2022,11.02536095,2,1,0,3,5,7.506122518,644
1/4/2022,18.00932327,2,0,0,4,3,12.65434111,457
2/4/2022,19.48885721,4,1,0,5,5,5.740354796,948
3/4/2022,13.68490366,2,0,0,6,4,12.96702278,601
4/4/2022,6.462719125,2,0,1,0,8,6.398669614,661
5/4/2022,10.91287089,4,1,0,1,5,5.259380032,771
6/4/2022,7.510416274,2,2,1,2,8,7.082853712,1157
7/4/2022,11.59123542,1,0,1,3,9,11.5554809,732
8/4/2022,3.389088724,3,2,1,4,4,2.327029404,1220
9/4/2022,3.521578423,3,0,0,5,7,3.34807863,717
10/4/2022,22.3953288,4,0,0,6,2,14.29594997,750
11/4/2022,18.85657605,0,0,1,0,6,3.044628597,449
12/4/2022,14.92507945,4,0,1,1,8,8.73204611,823
13/4/2022,11.19706757,0,2,1,2,7,8.900059767,1002
14/4/2022,9.737751295,3,2,0,3,7,7.5995547,985
15/4/2022,14.88576002,4,0,1,4,8,9.848806104,1093
16/4/2022,3.967113051,1,0,0,5,7,3.832487524,458
17/4/2022,11.38899765,2,2,1,6,5,8.513602883,1318
18/4/2022,19.30358982,0,1,1,0,7,5.896512201,608
19/4/2022,12.80670785,2,1,1,1,3,10.09417526,791
20/4/2022,13.57101466,2,2,0,2,5,2.547741379,857
21/4/2022,19.59399446,4,0,0,3,7,8.777722544,684
22/4/2022,8.111638576,2,0,1,4,9,3.186420153,886
23/4/2022,5.078165225,1,1,0,5,2,4.540324415,616
24/4/2022,5.638798518,2,1,1,6,4,3.671292105,1094
25/4/2022,16.78666664,4,2,0,0,7,3.151147808,944
26/4/2022,17.42756788,1,1,0,1,1,12.4728088,380
27/4/2022,15.60186793,3,2,0,2,2,4.642759731,912
28/4/2022,20.27488086,2,1,1,3,9,13.94329484,1028
29/4/2022,16.11469706,4,1,0,4,7,14.56393462,946
30/4/2022,18.45487814,3,1,0,5,7,8.783276814,921
1/5/2022,12.41158131,3,0,1,6,6,2.573516279,1053
2/5/2022,18.87663177,0,0,1,0,3,5.930949529,395
3/5/2022,16.70993879,1,0,1,1,3,12.06711782,529
4/5/2022,13.67245882,2,1,1,2,2,5.827165566,805
5/5/2022,11.9665195,4,2,0,3,6,1.761749665,1119
6/5/2022,8.641317699,0,2,0,4,4,8.573381208,645
7/5/2022,19.06961793,1,2,0,5,5,12.75425235,859
8/5/2022,12.49412453,0,2,0,6,3,12.04093261,737
9/5/2022,7.044119519,1,0,0,0,6,3.039285532,218
10/5/2022,17.46233468,1,0,1,1,3,10.25508691,519
11/5/2022,19.87340181,2,1,0,2,8,3.69731182,669
12/5/2022,15.29612749,1,1,0,3,9,3.664009251,642
13/5/2022,19.16319135,0,2,0,4,4,13.17404071,728
14/5/2022,6.485026315,1,0,1,5,9,4.120199815,843
15/5/2022,4.840932543,2,2,1,6,7,4.317086525,1332
16/5/2022,13.35972131,2,1,0,0,3,0.509474166,488
17/5/2022,15.53862643,0,1,1,1,7,13.12470099,725
18/5/2022,18.58782179,3,2,1,2,1,11.99262479,1083
19/5/2022,9.661289264,3,1,1,3,3,9.596269559,1027
20/5/2022,18.12613734,1,2,1,4,6,11.37885358,1141
21/5/2022,17.67993202,4,0,1,5,4,2.704704228,1021
22/5/2022,7.222886839,1,2,1,6,7,7.145692122,1281
23/5/2022,17.50911189,0,0,1,0,3,5.592681117,355
24/5/2022,8.137772786,0,0,0,1,1,1.859759631,73
25/5/2022,8.355598814,0,1,0,2,9,7.548892036,474
26/5/2022,14.13193462,0,1,1,3,6,13.85072493,770
27/5/2022,7.23924333,0,1,0,4,8,1.080857226,527
28/5/2022,12.97396622,2,2,0,5,3,4.726183246,866
29/5/2022,12.5868043,3,2,1,6,8,3.509343575,1507
30/5/2022,11.70533962,0,1,0,0,2,3.953126478,214
31/5/2022,16.28209599,4,2,1,1,4,13.672301,1200
1/6/2022,11.42149471,4,1,1,2,3,7.287001286,995
2/6/2022,12.33322402,4,2,1,3,1,7.261341488,1250
3/6/2022,11.68096189,4,0,0,4,7,11.52834682,700
4/6/2022,9.443969602,2,0,0,5,2,2.740136958,539
5/6/2022,12.72999359,4,1,0,6,4,7.565347634,1010
6/6/2022,12.15417245,0,2,0,0,9,6.734785605,559
7/6/2022,9.607531336,1,2,1,1,6,9.155205013,1037
8/6/2022,15.77888436,4,0,1,2,8,14.9935867,989
9/6/2022,15.42754223,2,0,0,3,2,11.65700896,380
10/6/2022,10.50846087,2,1,1,4,7,6.269052694,965
11/6/2022,12.88623524,4,0,1,5,6,12.49951926,1138
12/6/2022,19.07809263,1,1,0,6,9,2.975271268,738
13/6/2022,17.09617987,4,0,1,0,7,0.941723451,790
14/6/2022,18.3704938,2,0,0,1,1,3.464501401,300
15/6/2022,16.46155948,3,2,1,2,8,5.435967564,1333
16/6/2022,9.647886459,0,0,0,3,3,7.903420983,251
17/6/2022,12.78351344,2,0,1,4,2,9.419372538,756
18/6/2022,14.15209521,4,1,1,5,3,13.7037829,1227
19/6/2022,9.473722681,0,0,0,6,6,7.892883138,445
20/6/2022,10.05721403,4,1,0,0,3,7.768496847,682
21/6/2022,8.492941153,4,0,0,1,5,1.228523642,558
22/6/2022,11.43887053,3,0,0,2,6,1.006217514,523
23/6/2022,15.19063861,0,1,1,3,8,8.491819448,808
24/6/2022,14.59432723,0,2,1,4,7,6.853589892,1017
25/6/2022,12.9737919,3,1,0,5,8,12.66811573,901
26/6/2022,16.62547496,2,1,1,6,3,2.829853978,1009
27/6/2022,9.186379739,4,1,0,0,4,0.862089101,677
28/6/2022,18.03757151,1,2,0,1,6,7.011062135,640
29/6/2022,5.173713977,4,0,1,2,7,3.943439073,906
30/6/2022,19.13854057,4,1,1,3,9,1.219408413,1235
1/7/2022,13.43916855,2,1,0,4,1,11.00667516,661
2/7/2022,8.22141567,4,2,0,5,8,2.118098499,1237
3/7/2022,10.28570725,3,1,0,6,8,9.32063275,912
4/7/2022,10.10448136,3,0,1,0,6,4.575221377,690
5/7/2022,4.696608141,0,2,1,1,4,3.01569273,858
6/7/2022,6.057881368,1,0,1,2,3,6.006397082,530
7/7/2022,12.72968339,4,0,1,3,3,12.12096376,903
8/7/2022,10.93860977,4,2,0,4,6,6.185356865,1136
9/7/2022,13.73182466,2,1,0,5,8,11.38615991,780
10/7/2022,18.66251167,3,0,0,6,7,2.319551304,743
11/7/2022,11.98037585,1,0,0,0,1,11.70518559,79
12/7/2022,12.03770901,0,0,0,1,6,3.935533211,151
13/7/2022,14.73786879,3,0,0,2,7,10.32220038,549
14/7/2022,14.63507993,0,2,1,3,7,8.703832545,942
15/7/2022,14.17836766,2,2,1,4,9,13.9725984,1293
16/7/2022,19.55777953,2,0,0,5,5,6.116176511,549
17/7/2022,16.6403063,4,1,0,6,1,1.459395238,936
18/7/2022,10.92713977,1,0,1,0,2,0.77775454,446
19/7/2022,14.01121686,0,1,1,1,4,12.48944913,670
20/7/2022,17.32890007,3,0,1,2,5,8.108666746,803
21/7/2022,16.19584081,2,1,1,3,9,11.74103875,1017
22/7/2022,4.507117461,4,0,0,4,1,3.8991712,623
23/7/2022,6.610287495,4,1,0,5,3,5.50371431,926
24/7/2022,16.0747379,0,0,0,6,5,0.936506147,401
25/7/2022,18.74001897,2,0,0,0,3,14.44163871,261
26/7/2022,18.43729729,1,1,0,1,4,10.18408465,408
27/7/2022,17.45111555,2,2,1,2,3,14.03147377,1040
28/7/2022,5.615848912,0,1,0,3,4,4.349697908,387
29/7/2022,16.49922423,0,2,1,4,1,9.366222363,972
30/7/2022,11.23860188,2,0,0,5,8,10.33824954,572
31/7/2022,11.00348469,0,1,0,6,4,5.104470654,559
1/8/2022,15.58979407,2,1,0,0,7,12.79758391,518
2/8/2022,16.4195353,3,1,0,1,2,14.23384121,616
3/8/2022,13.53049093,2,2,0,2,2,13.33039921,731
4/8/2022,11.24341759,2,2,1,3,6,11.21647115,1207
5/8/2022,12.27723281,0,0,1,4,2,4.523237856,519
6/8/2022,16.08113316,0,2,1,5,6,4.583432611,1078
7/8/2022,14.47523615,4,2,0,6,2,14.46872465,1114
8/8/2022,4.320695414,4,0,0,0,4,0.649125191,544
9/8/2022,11.66573889,3,1,1,1,7,10.88272461,954
10/8/2022,18.21193099,4,1,0,2,8,10.74056936,869
11/8/2022,15.6289493,2,0,0,3,3,9.528998344,429
12/8/2022,16.63393995,0,1,1,4,9,14.85657827,892
13/8/2022,5.857254958,4,2,0,5,2,5.022251819,1084
14/8/2022,6.739149535,4,0,1,6,8,5.429592025,1156
15/8/2022,14.90720328,3,0,0,0,8,1.644621343,461
16/8/2022,17.17231096,3,0,1,1,4,6.92057298,725
17/8/2022,13.75706872,2,1,0,2,1,4.28520363,548
18/8/2022,16.38106954,0,0,0,3,1,5.479107182,236
19/8/2022,15.56646657,3,0,1,4,2,12.60129096,823
20/8/2022,18.54697241,4,0,0,5,9,14.06452545,788
21/8/2022,9.054951445,0,1,0,6,2,3.193129544,537
22/8/2022,5.935996898,0,2,1,0,2,5.901379508,817
23/8/2022,18.58022863,4,0,0,1,6,13.96514315,545
24/8/2022,17.51593287,3,2,1,2,7,1.39622268,1289
25/8/2022,9.984947347,4,1,0,3,7,1.839227658,940
26/8/2022,11.17180394,0,1,0,4,9,2.860469343,563
27/8/2022,10.05824417,1,1,0,5,6,9.130586095,687
28/8/2022,6.933163935,1,1,0,6,8,2.68184793,808
29/8/2022,19.22664544,2,2,1,0,6,14.53710753,1008
30/8/2022,8.159387603,4,0,0,1,2,6.977360645,483
31/8/2022,13.12125507,4,1,1,2,1,7.772010425,1002
1/9/2022,5.880793105,2,1,0,3,5,4.076549929,619
2/9/2022,13.00829423,2,2,0,4,9,7.32892366,960
3/9/2022,14.17226297,2,2,0,5,8,10.09774767,973
4/9/2022,15.14404606,0,1,0,6,4,11.39206849,581
5/9/2022,15.39821851,4,0,1,0,5,11.4310872,776
6/9/2022,12.34389142,0,0,1,1,5,8.879421134,457
7/9/2022,13.84098366,2,1,1,2,6,13.61321674,873
8/9/2022,14.0768389,4,2,1,3,3,12.35241379,1319
9/9/2022,12.80684843,0,1,0,4,5,11.47719766,525
10/9/2022,14.76582018,0,1,1,5,2,1.306280064,730
11/9/2022,1.300600744,2,2,1,6,1,0.599730452,1231
12/9/2022,7.480710465,4,1,0,0,1,3.580485519,656
13/9/2022,16.55543409,2,1,0,1,7,10.12109211,553
14/9/2022,12.46116879,4,1,0,2,2,6.462363589,790
15/9/2022,7.407315522,1,2,0,3,4,6.33489076,742
16/9/2022,18.20497105,3,0,1,4,5,13.32650988,878
17/9/2022,15.67983182,3,0,1,5,7,13.4856613,988
18/9/2022,16.08105451,3,2,0,6,2,13.68304133,1056
19/9/2022,13.26050691,2,0,0,0,6,5.051232109,322
20/9/2022,12.31926384,1,1,0,1,1,10.52030928,386
21/9/2022,8.622570367,4,0,1,2,7,4.438681128,912
22/9/2022,7.972165505,0,1,1,3,9,3.26384258,835
23/9/2022,7.527649021,4,0,0,4,5,3.177170632,657
24/9/2022,12.72595988,0,2,0,5,5,5.460560503,746
25/9/2022,9.405788793,4,0,1,6,4,6.734385487,1052
26/9/2022,16.80539915,1,0,0,0,3,12.54876298,137
27/9/2022,13.72244971,0,0,0,1,9,2.238420855,267
28/9/2022,17.88011917,2,2,1,2,5,11.15642479,1132
29/9/2022,13.16319625,4,0,0,3,8,8.206096256,728
30/9/2022,6.151801294,4,2,1,4,9,4.675207469,1447
1/10/2022,12.26342784,0,1,0,5,5,7.645883976,540
2/10/2022,13.92250669,2,0,0,6,9,4.849160012,716
3/10/2022,9.543974069,2,2,1,0,2,9.143188351,944
4/10/2022,9.680314253,1,2,1,1,9,6.790736881,1099
5/10/2022,4.616172394,2,0,0,2,4,2.883880172,391
6/10/2022,2.331270891,2,1,1,3,6,2.190454581,975
7/10/2022,8.442024504,2,2,0,4,6,8.42708739,910
8/10/2022,17.07118386,3,0,0,5,6,13.58498898,674
9/10/2022,19.91412932,1,1,1,6,2,5.487386455,935
10/10/2022,12.37309302,4,2,0,0,7,11.12850155,961
11/10/2022,11.60937073,0,2,0,1,6,10.05058965,598
12/10/2022,15.90411738,4,1,1,2,1,14.00754626,996
13/10/2022,20.00678379,1,1,1,3,2,12.40422475,750
14/10/2022,19.27164898,0,0,0,4,7,8.715776254,284
15/10/2022,13.06424087,1,0,1,5,1,10.02694222,685
16/10/2022,15.34191858,2,2,1,6,1,13.52660377,1186
17/10/2022,6.695599661,0,1,1,0,1,6.293022377,455
18/10/2022,8.780079207,2,1,1,1,8,5.238523235,921
19/10/2022,9.031093155,4,1,0,2,4,0.656760713,854
20/10/2022,16.61432243,4,2,0,3,4,12.48499058,1029
21/10/2022,14.50767884,0,1,0,4,2,12.11422016,465
22/10/2022,6.716209059,0,1,1,5,1,2.014590512,772
23/10/2022,19.64349111,1,2,1,6,9,8.864432026,1277
24/10/2022,10.02284433,1,0,1,0,7,7.227734623,567
25/10/2022,8.267999325,2,0,1,1,4,2.221281885,621
26/10/2022,21.06026821,0,2,1,2,6,14.71823929,928
27/10/2022,19.50912794,4,1,1,3,2,3.613090368,1099
28/10/2022,1.506910906,1,2,1,4,7,1.474895611,1119
29/10/2022,15.00642428,1,0,0,5,2,9.125287003,419
30/10/2022,15.60339629,4,0,0,6,8,11.21356682,854
31/10/2022,5.629477605,1,2,1,0,8,0.970429968,937
1/11/2022,13.75961043,2,2,1,1,1,10.05140576,986
2/11/2022,13.50099501,0,0,1,2,8,8.218232201,533
3/11/2022,5.883898062,4,2,0,3,2,1.997342629,990
4/11/2022,15.97013778,0,0,0,4,6,3.001596216,319
5/11/2022,17.42903765,1,2,1,5,1,8.735627311,1102
6/11/2022,12.56124184,1,2,1,6,5,4.797185396,1214
7/11/2022,15.88268891,4,2,0,0,7,14.10557807,939
8/11/2022,13.24416305,2,0,0,1,1,12.37173333,294
9/11/2022,26.97176005,3,2,0,2,2,14.76172449,881
10/11/2022,4.553523057,4,0,0,3,7,4.265227165,706
11/11/2022,21.18130577,3,0,1,4,6,14.56099268,920
12/11/2022,7.491815536,3,2,0,5,3,6.752891112,970
13/11/2022,8.237280985,2,2,0,6,2,5.539022532,908
14/11/2022,7.580113603,3,0,1,0,4,1.230068141,670
15/11/2022,5.542051312,3,0,0,1,3,1.265096239,391
16/11/2022,10.68476069,2,1,0,2,7,10.53416321,634
17/11/2022,16.68043606,3,0,0,3,8,7.139970419,611
18/11/2022,6.314367231,3,1,1,4,2,3.784563578,1055
19/11/2022,18.90535336,3,1,0,5,7,9.402569442,887
20/11/2022,17.59339657,4,1,1,6,8,4.166442715,1374
21/11/2022,11.63044016,4,2,1,0,6,8.875660438,1221
22/11/2022,15.93924318,4,2,0,1,6,5.708526831,910
23/11/2022,12.49336122,2,0,0,2,1,12.44150729,291
24/11/2022,12.57740439,1,1,0,3,4,12.40009433,525
25/11/2022,8.429812498,3,2,0,4,1,7.421580773,883
26/11/2022,10.52190698,3,2,1,5,4,5.586877085,1347
27/11/2022,8.546396771,2,2,0,6,2,5.75711705,985
28/11/2022,12.50036673,3,2,0,0,5,12.18286062,836
29/11/2022,12.931051,4,2,0,1,9,5.258602501,1023
30/11/2022,13.81177232,1,1,1,2,3,3.531360919,804
1/12/2022,11.11714266,0,1,0,3,8,1.727980957,514
2/12/2022,14.70701928,3,1,0,4,3,7.267050253,749
3/12/2022,10.30080392,4,1,1,5,6,7.490915434,1251
4/12/2022,13.13665427,0,0,1,6,4,12.6931763,670
5/12/2022,16.55596508,1,1,0,0,8,3.707961098,448
6/12/2022,7.128031579,0,2,0,1,6,6.024373468,575
7/12/2022,19.97912832,4,1,0,2,8,12.22188321,864
8/12/2022,20.05915421,0,0,0,3,1,12.44254236,170
9/12/2022,6.892500351,2,2,0,4,6,6.076860602,933
10/12/2022,19.18913487,0,1,1,5,1,7.157298338,805
11/12/2022,11.88778715,3,1,1,6,1,4.897645417,1148
12/12/2022,18.72188407,3,1,0,0,8,14.02204574,615
13/12/2022,11.92810366,2,2,0,1,7,2.220334603,713
14/12/2022,15.63803675,4,2,1,2,3,14.03936663,1288
15/12/2022,11.67355223,3,0,0,3,6,10.41606355,528
16/12/2022,12.52104794,1,2,0,4,9,8.207796214,873
17/12/2022,3.644762468,3,2,0,5,7,0.973556381,1054
18/12/2022,18.06697092,3,1,0,6,3,7.396144781,805
19/12/2022,16.7573157,4,2,0,0,6,6.412347523,936
20/12/2022,7.03309751,0,1,1,1,4,2.837672774,652
21/12/2022,19.10315302,3,1,0,2,3,10.01793925,642
22/12/2022,16.67881458,2,2,0,3,9,14.58168816,852
23/12/2022,13.65983083,0,0,0,4,2,8.65173776,223
24/12/2022,12.11389946,1,0,1,5,1,10.86392251,681
25/12/2022,10.08644644,4,2,1,6,2,1.492531562,1395
26/12/2022,10.61604354,1,0,1,0,7,6.556171439,545
27/12/2022,5.418475809,0,1,1,1,1,2.187198035,569
28/12/2022,15.18866168,0,1,0,2,6,9.385539615,437
29/12/2022,15.75774898,0,2,1,3,7,14.10799129,993
30/12/2022,15.67212368,1,0,0,4,9,10.09577712,450
31/12/2022,12.29152426,0,0,0,5,8,1.613644201,445
1/1/2023,18.7925343,1,1,1,6,6,5.642659972,1015
2/1/2023,17.64599866,0,2,1,0,3,8.484619002,759
3/1/2023,6.348293461,2,0,1,1,8,6.346512464,682
4/1/2023,17.17752411,0,2,1,2,7,12.58783815,926
5/1/2023,17.84697263,1,0,1,3,3,12.31272957,583
6/1/2023,14.28514644,3,1,0,4,9,9.371549791,874
7/1/2023,12.44851011,0,1,1,5,2,5.915140204,841
8/1/2023,7.931166164,3,2,1,6,3,4.20237742,1318
9/1/2023,8.342755982,2,1,1,0,2,2.035177614,691
10/1/2023,11.72438072,4,0,0,1,1,5.646016411,514
11/1/2023,7.715218576,2,1,1,2,4,6.4910015,873
12/1/2023,14.13692923,0,2,0,3,5,10.29943241,629
13/1/2023,10.20743015,3,2,1,4,6,10.04331745,1351
14/1/2023,15.33081734,3,2,1,5,5,1.516568025,1331
15/1/2023,12.77045728,1,0,0,6,1,6.231260074,474
16/1/2023,6.649745916,3,0,1,0,3,3.135793575,680
17/1/2023,9.176406373,1,0,0,1,1,2.773784227,155
18/1/2023,12.63798663,4,0,0,2,5,12.49588117,664
19/1/2023,2.417966472,0,0,0,3,5,1.107770642,231
20/1/2023,15.87122477,1,1,1,4,6,6.578151701,942
21/1/2023,6.042360775,4,0,1,5,8,2.938953009,1118
22/1/2023,13.79378588,3,0,1,6,1,13.25028813,959
23/1/2023,14.14074306,3,1,0,0,4,8.577087442,626
24/1/2023,12.74298181,4,0,1,1,1,3.855019227,770
25/1/2023,13.03060289,3,2,0,2,9,7.785195664,957
26/1/2023,12.28554106,4,0,1,3,7,11.10655222,1003
27/1/2023,15.78980132,1,0,0,4,7,14.39271113,419
28/1/2023,5.195249966,1,2,0,5,5,3.696467062,910
29/1/2023,13.65640188,4,2,0,6,7,13.3496357,1244
30/1/2023,14.48018882,1,2,1,0,2,14.04740966,829
31/1/2023,17.11230182,1,2,0,1,4,13.7880979,635
1/2/2023,14.76203192,1,0,0,2,7,9.713508174,299
2/2/2023,16.04977904,2,2,0,3,3,9.632399489,780
3/2/2023,8.691170153,0,2,0,4,2,6.346554181,676
4/2/2023,13.42744011,3,1,0,5,2,11.40976929,770
5/2/2023,8.558020547,2,2,0,6,1,8.203763266,888
6/2/2023,10.98458782,1,2,1,0,5,10.32285203,916
7/2/2023,10.15106208,4,1,1,1,6,6.712639606,1105
8/2/2023,16.87128849,1,1,0,2,6,11.10669873,541
9/2/2023,16.128254,0,0,1,3,9,12.45483701,659
10/2/2023,19.31262323,1,1,1,4,4,2.623325721,857
11/2/2023,16.14095349,4,0,0,5,1,12.57748088,627
12/2/2023,12.95030839,0,1,0,6,6,8.334299711,665
13/2/2023,14.73703848,1,1,0,0,5,12.74765568,390
14/2/2023,16.01641698,0,0,1,1,6,6.753874742,462
15/2/2023,12.06081637,3,1,0,2,3,5.996087038,699
16/2/2023,13.93852172,3,0,1,3,2,13.76838062,806
17/2/2023,4.604202115,1,1,0,4,6,4.141954379,633
18/2/2023,12.76001567,0,2,1,5,1,12.74107872,1034
19/2/2023,7.544964805,4,1,0,6,7,7.518298301,1020
20/2/2023,16.85176395,1,0,0,0,7,7.954383917,267
21/2/2023,12.95667731,3,1,1,1,7,4.972790082,991
22/2/2023,12.13952426,3,0,1,2,1,8.809111909,728
23/2/2023,8.181755119,1,0,1,3,4,5.215562346,675
24/2/2023,1.810030976,0,2,1,4,7,1.069406507,1055
25/2/2023,8.056762785,3,2,1,5,9,4.443979777,1446
26/2/2023,6.051171596,0,0,1,6,5,0.592496129,732
27/2/2023,14.85441942,3,1,0,0,2,14.68614441,529
28/2/2023,18.50688674,3,0,1,1,7,14.50333454,764
1/3/2023,6.267540451,2,0,0,2,1,6.229751813,288
2/3/2023,17.24146313,3,1,0,3,7,11.06137739,731
3/3/2023,5.840550866,4,1,1,4,6,5.514188427,1281
4/3/2023,17.42854745,1,1,0,5,7,10.23085078,656
5/3/2023,17.40778046,1,1,1,6,3,12.17873562,953
6/3/2023,14.44182552,0,0,1,0,3,14.22796555,351
7/3/2023,16.40303263,3,0,0,1,7,6.303078,499
8/3/2023,12.66754491,4,2,0,2,2,11.85782075,964
9/3/2023,17.3317394,0,0,1,3,1,4.355962534,495
10/3/2023,19.75968667,2,1,1,4,9,14.85981841,1062
11/3/2023,19.16822162,0,2,0,5,9,0.873659182,824
12/3/2023,13.64994811,0,1,0,6,7,9.251167694,648
13/3/2023,11.91891446,3,0,0,0,7,10.06283673,432
14/3/2023,13.51515078,2,2,0,1,3,10.47666058,758
15/3/2023,18.91379169,0,1,1,2,2,2.245619892,654
16/3/2023,16.36878577,4,2,1,3,7,14.10868186,1412
17/3/2023,3.539745804,4,2,1,4,9,3.127157546,1499
18/3/2023,10.63564945,1,0,1,5,1,9.529924347,705
19/3/2023,18.67605881,2,1,0,6,4,3.728803147,785
20/3/2023,5.808110223,2,2,0,0,6,4.954638047,681
21/3/2023,15.84223805,1,2,1,1,7,8.423648855,1001
22/3/2023,16.67751172,0,1,1,2,7,6.549304569,720
23/3/2023,10.41358997,2,2,1,3,2,2.823271214,1074
24/3/2023,8.340629287,4,2,1,4,4,2.978577835,1397
25/3/2023,9.552364216,4,2,1,5,5,6.563099428,1487
26/3/2023,13.97509918,3,1,1,6,1,11.48060318,1120
27/3/2023,17.89842741,2,1,1,0,1,13.52048738,729
28/3/2023,9.561773478,0,1,1,1,3,1.719851103,661
29/3/2023,17.76672937,1,1,1,2,3,6.20000666,767
30/3/2023,3.008176118,1,0,0,3,8,1.953560674,488
31/3/2023,19.77723015,0,2,1,4,9,0.740590969,1096
1/4/2023,10.54697198,3,1,0,5,1,10.0949209,717
2/4/2023,12.81695921,1,2,0,6,2,9.235516909,862
3/4/2023,3.139459319,2,2,1,0,2,2.86377715,951
4/4/2023,15.17793789,3,0,1,1,4,3.89028608,768
5/4/2023,13.52167515,2,1,0,2,2,0.843762428,560
6/4/2023,16.2404806,4,1,0,3,7,12.60673448,885
7/4/2023,15.64337887,3,2,1,4,9,14.63301364,1343
8/4/2023,2.883387952,1,1,0,5,7,2.464163284,683
9/4/2023,10.6630065,3,2,1,6,6,3.8563906,1394
10/4/2023,15.82575659,3,2,1,0,1,13.0919381,1002
11/4/2023,14.86111712,3,0,1,1,9,13.93372507,847
12/4/2023,19.84017977,3,0,0,2,5,6.584597051,550
13/4/2023,19.4442492,2,0,0,3,5,1.234025848,461
14/4/2023,18.9039924,4,2,1,4,6,1.071181589,1384
15/4/2023,15.89301086,0,1,0,5,9,8.822273058,643
16/4/2023,7.741985845,3,0,0,6,8,6.196979079,795
17/4/2023,8.830487675,1,1,0,0,8,0.9154602,441
18/4/2023,11.44270483,3,0,0,1,8,8.957159689,505
19/4/2023,16.78015467,1,0,0,2,1,0.663886781,220
20/4/2023,17.55416687,2,2,0,3,1,11.91689339,746
21/4/2023,9.061640832,1,0,0,4,8,4.943275929,479
22/4/2023,2.569735606,0,0,1,5,5,1.083741044,646
23/4/2023,10.77849414,4,2,0,6,9,9.031107204,1292
24/4/2023,18.07911566,1,1,0,0,2,6.266424009,313
25/4/2023,15.86721357,1,0,0,1,9,14.62010599,316
26/4/2023,9.76115296,4,2,0,2,8,8.390880606,1081
27/4/2023,19.54382614,0,0,0,3,9,4.490968125,318
28/4/2023,13.67965756,3,2,0,4,4,10.78686354,1031
29/4/2023,6.811532657,1,1,0,5,1,4.436634037,558
30/4/2023,13.99136419,4,1,0,6,1,13.61152773,926
1/5/2023,5.953552698,2,2,1,0,5,5.933468572,1027
2/5/2023,13.56406798,4,2,0,1,2,8.47309416,847
3/5/2023,19.23670384,2,2,0,2,8,1.233310005,807
4/5/2023,10.0868506,0,1,0,3,5,6.67875795,404
5/5/2023,18.02047735,3,0,0,4,5,12.56927133,637
6/5/2023,16.6037306,4,1,1,5,2,12.18190768,1173
7/5/2023,4.021484147,1,2,1,6,7,3.752619103,1316
8/5/2023,10.01238609,0,2,1,0,8,3.77814653,843
9/5/2023,19.93799028,4,1,1,1,1,12.35092703,975
10/5/2023,15.01276274,1,2,1,2,2,13.99077709,986
11/5/2023,18.48564644,4,1,1,3,4,1.882733358,1190
12/5/2023,10.89459469,2,2,1,4,5,7.025850272,1261
13/5/2023,12.71349481,4,0,1,5,2,5.393087045,1026
14/5/2023,17.89628466,4,0,1,6,1,13.1249826,1050
15/5/2023,1.830976892,4,2,1,0,9,1.711111263,1297
16/5/2023,3.810525604,0,1,1,1,1,3.561326167,593
17/5/2023,12.37209994,4,0,1,2,4,11.4107909,863
18/5/2023,2.805222281,1,1,1,3,2,1.24376081,765
19/5/2023,8.143864909,2,2,1,4,4,7.64176302,1179
20/5/2023,11.45174687,2,1,1,5,8,6.910552003,1104
21/5/2023,8.384403174,4,0,1,6,8,5.348817095,1146
22/5/2023,6.911222095,0,1,0,0,9,6.221298572,400
23/5/2023,9.664057344,0,1,1,1,5,8.18413851,678
24/5/2023,18.63803312,1,2,0,2,7,2.839826697,742
25/5/2023,13.84366324,4,2,1,3,3,8.793940235,1354
26/5/2023,12.97297274,2,2,1,4,4,12.17876877,1145
27/5/2023,21.59685226,0,0,0,5,9,11.52233348,424
28/5/2023,19.85589261,4,0,1,6,1,2.731548618,998
29/5/2023,13.75764376,0,2,0,0,2,2.664117311,384
30/5/2023,7.02152707,0,2,0,1,5,4.388528332,547
31/5/2023,17.70610454,2,0,0,2,3,5.735583532,356
1/6/2023,6.760704191,3,0,1,3,2,6.42260593,835
2/6/2023,11.336315,1,0,1,4,1,10.35560964,638
3/6/2023,13.08534451,1,0,1,5,3,1.321866266,679
4/6/2023,5.200204058,2,2,0,6,1,1.002754211,975
5/6/2023,19.5895483,0,0,0,0,1,6.182703163,56
6/6/2023,15.21564621,4,2,1,1,1,10.60887354,1187
7/6/2023,11.59845128,0,1,1,2,8,3.304812473,753
8/6/2023,12.10030539,2,1,1,3,3,9.801814978,881
9/6/2023,6.197365802,1,0,1,4,1,4.267508,608
10/6/2023,13.37450984,0,1,1,5,7,13.34824858,922
11/6/2023,15.31055938,1,1,0,6,3,13.48750419,716
12/6/2023,6.117294668,4,1,0,0,8,4.810664462,806
13/6/2023,11.25156819,1,0,0,1,4,3.834909432,215
14/6/2023,14.83099636,1,0,1,2,4,6.463907595,546
15/6/2023,4.818539238,3,1,0,3,5,3.987707985,754
16/6/2023,14.02066231,3,2,0,4,6,10.24956573,966
17/6/2023,18.02396814,3,1,0,5,7,12.47793793,899
18/6/2023,19.3374651,1,0,0,6,4,10.2598359,475
19/6/2023,14.26392619,2,0,0,0,8,12.45308149,346
20/6/2023,8.538237383,1,0,1,1,6,6.256386352,522
21/6/2023,7.505289085,2,1,0,2,1,2.766596075,535
22/6/2023,12.74830293,2,2,1,3,1,11.20028874,1054
23/6/2023,15.40551521,3,0,1,4,9,5.726880325,944
24/6/2023,15.12505194,0,0,1,5,6,10.23342697,583
25/6/2023,12.6268696,4,1,1,6,8,4.424337159,1359
26/6/2023,3.012683539,3,2,1,0,7,1.677829705,1193
27/6/2023,20.23892845,3,1,0,1,6,14.89243603,719
28/6/2023,2.781381492,0,0,0,2,4,2.764921865,166
29/6/2023,15.40893846,4,2,1,3,7,14.83210441,1371
30/6/2023,17.66563039,1,2,1,4,9,14.67055902,1194
1/7/2023,12.44056256,1,0,1,5,7,12.01036251,760
2/7/2023,14.32295665,3,2,0,6,1,10.06163295,1029
3/7/2023,11.60280418,4,2,1,0,9,8.878202229,1302
4/7/2023,16.42329212,3,1,0,1,4,13.05847241,666
5/7/2023,15.09252917,2,0,1,2,3,4.696873063,656
6/7/2023,17.74756481,3,0,0,3,4,7.281377581,523
7/7/2023,11.2484923,3,0,1,4,4,9.481154556,853
8/7/2023,7.25186074,1,0,0,5,2,6.4622619,365
9/7/2023,17.71651323,1,0,1,6,1,6.698553584,713
10/7/2023,13.49364594,1,2,0,0,1,5.289127679,531
11/7/2023,9.99063056,2,1,0,1,8,8.681361342,637
12/7/2023,15.10461296,1,0,0,2,2,12.83333066,215
13/7/2023,16.48724931,4,1,0,3,5,3.422161481,894
14/7/2023,14.37491551,0,1,0,4,4,14.04927906,471
15/7/2023,14.06979809,4,2,0,5,8,10.49177098,1209
16/7/2023,15.14700125,4,0,0,6,2,12.43746158,717
17/7/2023,11.23521768,1,2,1,0,9,8.564765043,907
18/7/2023,12.13168603,0,0,1,1,7,11.80299217,516
19/7/2023,17.11290803,0,2,1,2,7,0.734905761,962
20/7/2023,16.95931563,0,1,1,3,1,12.36651616,661
21/7/2023,16.82092892,2,0,1,4,2,1.082013457,742
22/7/2023,23.02299438,1,1,0,5,4,13.40374396,645
23/7/2023,15.2413642,0,1,0,6,4,14.88345983,533
24/7/2023,15.41485141,2,2,0,0,3,4.763978202,644
25/7/2023,13.88919763,3,0,0,1,7,3.549619066,513
26/7/2023,15.3690285,3,1,0,2,8,11.59776878,722
27/7/2023,16.99743706,2,2,1,3,2,4.168881943,1098
28/7/2023,14.91303497,2,0,1,4,4,13.05065456,739
29/7/2023,10.53895406,1,0,1,5,3,1.991217586,723
30/7/2023,3.369567081,1,1,1,6,2,2.326350348,938
31/7/2023,19.95775846,3,0,0,0,6,14.69769755,371
1/8/2023,13.22393842,0,1,0,1,4,10.27066402,364
2/8/2023,15.82759575,3,0,0,2,6,12.77986475,497
3/8/2023,5.253708229,0,2,1,3,2,5.202775972,865
4/8/2023,10.98977848,0,1,0,4,4,10.30901437,486
5/8/2023,13.59779809,1,1,1,5,6,9.116506496,1004
6/8/2023,11.16282527,4,0,0,6,5,9.245676742,769
7/8/2023,10.85298358,4,0,0,0,3,10.39672066,461
8/8/2023,12.92302899,2,1,1,1,8,8.84270801,922
9/8/2023,6.862167978,1,0,0,2,7,6.721404355,360
10/8/2023,4.52966598,0,2,0,3,3,4.500879069,615
11/8/2023,13.97571617,4,0,1,4,6,11.6444293,1008
12/8/2023,8.644215369,0,2,0,5,4,3.780950235,705
13/8/2023,17.61098694,4,2,1,6,5,10.53913744,1502
14/8/2023,10.69208454,4,2,0,0,5,3.883325928,867
15/8/2023,14.74469055,4,2,0,1,7,9.567287464,902
16/8/2023,19.10337992,1,2,0,2,5,11.33263487,713
17/8/2023,5.283336354,3,0,0,3,3,3.671351389,537
18/8/2023,14.35592538,0,2,0,4,5,1.369177862,629
19/8/2023,2.540869917,1,0,0,5,7,2.399119273,459
20/8/2023,10.24535558,1,2,0,6,5,9.286956025,918
21/8/2023,13.15377307,1,1,0,0,5,12.81697289,461
22/8/2023,12.44076724,1,2,1,1,9,1.152453908,1030
23/8/2023,17.05572782,1,1,1,2,3,11.14519326,738
24/8/2023,7.12005208,2,2,0,3,6,5.449120366,864
25/8/2023,13.09332237,0,2,0,4,1,7.438661364,661
26/8/2023,15.38155204,1,2,1,5,5,13.96846347,1130
27/8/2023,14.21289732,0,1,0,6,8,5.313586819,636
28/8/2023,15.17257897,2,1,0,0,5,7.247385542,485
29/8/2023,19.65741462,2,2,1,1,9,0.698395014,1101
30/8/2023,4.986997902,0,0,0,2,6,1.68318144,223
31/8/2023,16.67748269,4,2,0,3,8,4.249578071,1158
1/9/2023,10.88563496,3,1,1,4,8,0.903857492,1169
2/9/2023,11.00012651,4,2,0,5,3,9.654942228,1102
3/9/2023,7.013735609,4,1,0,6,7,6.682776174,1031
4/9/2023,14.97460652,4,1,1,0,7,8.44810544,993
5/9/2023,5.481294384,1,1,0,1,6,3.032384195,496
6/9/2023,8.057018036,2,2,1,2,7,4.791014427,1137
7/9/2023,16.01948148,4,1,0,3,2,10.12545489,784
8/9/2023,16.2259714,2,1,0,4,9,14.49688949,875
9/9/2023,15.56518196,0,2,1,5,1,1.231043217,978
10/9/2023,14.93870077,3,1,1,6,1,13.41057265,1097
11/9/2023,9.402200506,0,2,0,0,3,8.864777419,447
12/9/2023,11.81708653,0,1,1,1,3,8.676833718,644
13/9/2023,13.11351202,1,0,1,2,1,7.754038761,523
14/9/2023,10.4271613,3,0,0,3,7,1.506214246,546
15/9/2023,4.386796871,0,1,0,4,4,1.80321435,507
16/9/2023,14.03231415,0,0,0,5,2,9.213224082,269
17/9/2023,19.8314022,3,2,1,6,5,5.443899286,1456
18/9/2023,15.19717217,3,0,1,0,6,13.80038697,752
19/9/2023,15.05974135,0,1,1,1,9,6.395562792,716
20/9/2023,19.05594231,3,1,1,2,4,2.577581151,1018
21/9/2023,11.79884542,0,2,0,3,2,10.86342309,592
22/9/2023,11.74544933,0,1,1,4,5,4.753624611,825
23/9/2023,19.61328759,1,2,0,5,3,8.119319457,824
24/9/2023,11.41812781,4,0,1,6,2,10.61857539,1014
25/9/2023,14.30478723,0,0,0,0,1,13.55382961,0
26/9/2023,12.13039277,2,2,0,1,2,11.98677232,720
27/9/2023,12.14310275,4,2,0,2,6,10.30723548,1009
28/9/2023,14.25574192,4,1,1,3,8,10.35468114,1197
29/9/2023,18.66272153,4,0,0,4,3,14.21590734,631
30/9/2023,15.86905686,1,2,0,5,9,4.789449414,942
1/10/2023,2.066585965,0,0,1,6,9,0.516125366,841
2/10/2023,17.20183238,1,2,0,0,2,4.443341111,507
3/10/2023,5.285285269,0,0,1,1,8,3.659425005,510
4/10/2023,11.2227014,1,1,1,2,5,10.09660148,842
5/10/2023,9.772923459,1,0,0,3,4,9.688818197,327
6/10/2023,10.13721401,2,0,0,4,5,9.105190049,513
7/10/2023,9.268427586,1,0,1,5,4,0.735529927,698
8/10/2023,18.80971259,3,0,0,6,8,11.06728179,772
9/10/2023,14.41436115,2,0,1,0,4,5.191190981,574
10/10/2023,12.99224227,1,1,1,1,6,10.14331184,799
11/10/2023,12.11297239,4,2,1,2,2,8.570387213,1275
12/10/2023,18.17435327,3,0,0,3,5,5.469598419,627
13/10/2023,18.27841365,3,1,1,4,6,2.451355873,1137
14/10/2023,15.82404821,3,0,0,5,5,1.869074016,659
15/10/2023,13.27199239,2,0,0,6,2,12.55701583,545
16/10/2023,19.95500914,1,2,0,0,7,13.81676436,629
17/10/2023,12.69628431,1,0,0,1,4,9.921926678,240
18/10/2023,3.495638755,4,1,1,2,8,1.999794665,1151
19/10/2023,8.577884564,4,1,0,3,7,6.329394645,895
20/10/2023,18.5298381,3,2,1,4,7,11.0696184,1379
21/10/2023,13.10409803,4,0,1,5,9,11.80740282,1099
22/10/2023,2.540238395,2,1,0,6,1,2.214170023,754
23/10/2023,6.372168102,1,0,1,0,6,0.500445423,559
24/10/2023,18.34630805,3,0,1,1,6,10.82598717,766
25/10/2023,8.470463268,4,0,0,2,6,5.670644552,556
26/10/2023,6.238677209,2,2,1,3,6,4.189979308,1151
27/10/2023,6.236634435,2,0,1,4,7,0.687013312,878
28/10/2023,15.95540545,4,1,1,5,6,8.334341398,1269
29/10/2023,19.5218584,1,0,1,6,1,12.84168566,690
30/10/2023,20.34219802,4,1,0,0,3,14.38565887,644
31/10/2023,9.148850698,3,0,1,1,2,8.703301784,715
1/11/2023,17.05099929,4,1,1,2,6,7.959689252,1136
2/11/2023,6.094641382,2,1,1,3,8,1.73331759,1002
3/11/2023,9.41928349,4,0,1,4,3,8.458655622,948
4/11/2023,17.20870284,1,0,0,5,8,6.009696645,498
5/11/2023,10.99526839,0,1,1,6,8,9.303461573,932
6/11/2023,12.77428936,4,2,0,0,5,6.136532044,948
7/11/2023,11.6778641,1,0,1,1,8,3.98433729,600
8/11/2023,7.572488503,1,2,0,2,6,1.876996491,756
9/11/2023,6.988600901,2,0,0,3,5,5.066317447,495
10/11/2023,15.6652968,1,0,0,4,9,1.901350097,509
11/11/2023,3.107103398,1,0,0,5,7,3.065005787,477
12/11/2023,17.65493869,1,0,0,6,8,14.8163743,572
13/11/2023,14.9165259,1,2,1,0,1,6.939501575,819
14/11/2023,11.41809109,3,0,1,1,2,8.212140614,662
15/11/2023,14.02113758,3,1,1,2,8,13.16746867,1069
16/11/2023,17.76057667,2,1,0,3,9,14.93574906,694
17/11/2023,9.206687447,4,2,1,4,4,8.949359515,1415
18/11/2023,16.72949913,1,0,0,5,9,12.28087041,516
19/11/2023,15.9665473,4,1,0,6,4,5.240644853,986
20/11/2023,12.86408348,4,2,1,0,9,4.933287383,1288
21/11/2023,10.39514149,2,0,1,1,7,6.339203954,682
22/11/2023,19.61146597,1,1,0,2,2,10.25135531,457
23/11/2023,16.40647515,1,1,0,3,9,10.39177949,615
24/11/2023,14.77795882,0,2,1,4,4,5.070971802,1006
25/11/2023,4.632623328,4,0,1,5,8,2.4315439,1069
26/11/2023,11.03104229,4,0,1,6,7,9.669745719,1143
27/11/2023,6.865276124,3,1,1,0,7,2.360725002,998
28/11/2023,18.99368377,0,1,0,1,8,8.888141369,379
29/11/2023,19.37976738,3,1,1,2,1,10.55462086,899
30/11/2023,12.28458963,3,0,1,3,5,10.6588667,865
1/12/2023,16.31574023,3,2,1,4,2,11.4253456,1245
2/12/2023,14.68015275,2,2,0,5,2,13.15646161,900
3/12/2023,8.941808744,2,0,0,6,1,7.749405383,534
4/12/2023,11.44006882,3,2,0,0,5,11.08861325,819
5/12/2023,13.99132801,0,1,0,1,2,9.478004663,323
6/12/2023,11.35700504,4,2,1,2,4,3.206279127,1292
7/12/2023,19.62981962,0,2,0,3,3,0.872499851,602
8/12/2023,5.320780421,1,2,1,4,3,4.625850092,1080
9/12/2023,8.67557965,2,1,1,5,2,6.923988742,1046
10/12/2023,11.30837026,4,0,1,6,6,9.448036194,1116
11/12/2023,16.04229978,4,1,1,0,2,12.82441029,910
12/12/2023,11.42793448,1,0,0,1,8,3.345562892,343
13/12/2023,12.64510306,1,0,0,2,8,2.320471954,356
14/12/2023,17.0034026,3,0,0,3,5,14.47045924,484
15/12/2023,17.09145583,2,2,1,4,7,2.066646111,1265
16/12/2023,9.143980392,2,2,1,5,4,7.438120517,1213
17/12/2023,13.95094534,0,0,1,6,1,8.990674068,617
18/12/2023,13.61957038,3,0,1,0,2,8.349929103,649
19/12/2023,5.105718611,3,2,1,1,4,1.747466277,1135
20/12/2023,2.853687695,3,1,0,2,1,1.326890253,641
21/12/2023,17.37775126,3,0,1,3,8,2.029509698,896
22/12/2023,9.743083025,2,1,0,4,9,8.991021416,795
23/12/2023,15.23639054,2,2,1,5,4,8.393000871,1222
24/12/2023,6.521163636,3,0,1,6,3,3.889241485,982
25/12/2023,15.95243256,0,1,0,0,2,9.747725057,258
26/12/2023,17.23253645,4,1,0,1,5,12.39097878,721
27/12/2023,7.763494102,4,1,1,2,3,1.102894918,1092
28/12/2023,19.58317454,0,2,1,3,7,7.722884181,973
29/12/2023,16.08580461,3,2,1,4,6,10.49500098,1344
30/12/2023,10.44786268,2,1,1,5,1,4.158522943,981
31/12/2023,7.45577196,4,1,0,6,8,4.962678127,1115
1/1/2024,17.5705783,1,2,1,0,2,9.397749593,833
2/1/2024,14.84345193,1,1,0,1,5,13.52006175,439
3/1/2024,15.41007534,0,1,1,2,9,12.24390409,779
4/1/2024,15.32804593,3,2,0,3,8,8.955388177,1000
5/1/2024,18.45149414,4,1,0,4,2,11.08821491,863
6/1/2024,7.830431279,3,1,1,5,9,5.789925818,1181
7/1/2024,13.53295796,4,1,0,6,5,9.794000157,968
8/1/2024,8.761757756,0,2,1,0,6,7.259633071,787
9/1/2024,5.854373548,0,1,0,1,3,3.254073979,338
10/1/2024,18.98612113,1,2,1,2,3,10.67520497,1011
11/1/2024,11.64346291,3,2,0,3,8,8.568737242,1006
12/1/2024,15.26386063,1,0,1,4,2,5.700012938,634
13/1/2024,15.21823048,3,0,1,5,2,13.71441826,892
14/1/2024,11.49775868,1,1,0,6,5,0.803544708,734
15/1/2024,6.970947341,2,2,0,0,6,5.078710693,692
16/1/2024,7.52960066,2,0,0,1,2,1.324780268,297
17/1/2024,11.77992321,2,1,0,2,5,11.61464609,629
18/1/2024,12.55263221,2,0,1,3,7,10.68055808,805
19/1/2024,16.16853958,4,0,0,4,8,5.304607172,765
20/1/2024,11.21472143,2,2,1,5,7,10.29711208,1320
21/1/2024,9.582239565,0,2,0,6,8,6.24108978,778
22/1/2024,12.28498525,0,0,1,0,9,11.46567998,500
23/1/2024,8.938025515,4,0,1,1,5,7.08566311,830
24/1/2024,9.380371007,2,2,1,2,5,6.478056054,1045
25/1/2024,14.21175308,2,1,1,3,4,14.05358377,945
26/1/2024,4.54774262,2,2,0,4,9,4.137746948,1021
27/1/2024,2.786685984,1,0,0,5,5,2.24648643,445
28/1/2024,9.221204432,3,1,1,6,2,8.975875142,1168
29/1/2024,15.39215581,1,0,0,0,8,14.55516628,308
30/1/2024,6.252392121,3,1,0,1,7,5.978668599,729
31/1/2024,6.934632936,2,0,1,2,8,1.399533073,809
1/2/2024,13.2108185,2,1,0,3,3,5.419926376,632
2/2/2024,9.410249189,1,1,0,4,4,7.836008988,582
3/2/2024,18.04220068,1,0,0,5,5,2.847883596,401
4/2/2024,10.88361994,3,1,1,6,6,10.04248216,1212
5/2/2024,15.71201998,0,2,0,0,1,14.96736614,394
6/2/2024,11.59858365,3,0,1,1,4,7.050222402,795
7/2/2024,6.695784789,1,2,0,2,5,5.643564073,694
8/2/2024,12.65598963,1,0,0,3,7,6.310210419,393
9/2/2024,7.898913996,4,1,0,4,5,2.169619587,916
10/2/2024,18.04654048,1,1,1,5,1,13.30746722,871
11/2/2024,8.807437878,4,1,1,6,7,6.514972005,1390
12/2/2024,10.63397097,0,0,0,0,8,6.115478966,141
13/2/2024,12.36413996,3,2,1,1,7,10.06550896,1195
14/2/2024,9.376850469,3,2,0,2,4,6.909484604,857
15/2/2024,11.66216028,4,0,1,3,8,9.899385298,970
16/2/2024,14.92006946,3,0,1,4,5,1.390971207,881
17/2/2024,16.58717264,1,2,0,5,9,12.29898848,928
18/2/2024,16.39979164,2,2,0,6,5,14.13730732,987
19/2/2024,16.17327218,4,2,0,0,1,9.907098099,799
20/2/2024,19.38736166,3,2,0,1,9,14.34120597,887
21/2/2024,17.28060479,4,0,1,2,5,2.695768558,897
22/2/2024,8.941194679,4,0,1,3,6,7.422534747,924
23/2/2024,15.05487631,2,1,1,4,4,9.226197642,1002
24/2/2024,10.77345947,1,2,0,5,6,8.935181388,872
25/2/2024,19.7799038,4,1,0,6,8,6.321195797,1016
26/2/2024,10.22182068,3,0,1,0,3,5.402223936,650
27/2/2024,3.326244069,0,0,0,1,5,2.338948327,127
28/2/2024,14.77852541,4,1,1,2,2,6.180265533,1049
29/2/2024,7.137212769,4,2,1,3,2,2.858581819,1330
1/3/2024,19.94448498,2,2,1,4,7,11.14830231,1183
2/3/2024,19.6158667,1,2,1,5,6,3.528048565,1173
3/3/2024,13.46654634,0,2,1,6,4,1.349196927,1075
4/3/2024,9.966932186,3,1,0,0,5,8.509308998,620
5/3/2024,14.05035896,0,1,0,1,1,9.130831124,276
6/3/2024,15.18164954,3,0,0,2,7,13.14273939,517
7/3/2024,12.3617384,1,2,1,3,8,8.86623338,1100
8/3/2024,16.63621048,3,2,1,4,9,5.509472379,1356
9/3/2024,16.32000893,2,2,1,5,8,12.14367228,1342
10/3/2024,8.400448955,2,1,1,6,5,8.334043951,1100
11/3/2024,19.49569041,2,2,0,0,3,1.649564127,717
12/3/2024,9.70246043,2,1,0,1,9,8.704833125,628
13/3/2024,16.90530504,0,2,1,2,6,13.66626891,898
14/3/2024,18.44595199,1,2,1,3,5,6.24653307,1004
15/3/2024,5.683216794,3,0,1,4,3,4.796724128,805
16/3/2024,15.43206579,3,2,0,5,6,2.580307127,1022
17/3/2024,19.77324577,2,2,0,6,3,2.695960068,968
18/3/2024,18.1246242,2,0,0,0,6,6.775186523,335
19/3/2024,13.38169046,4,1,1,1,4,9.13735745,982
20/3/2024,6.967155105,1,1,1,2,2,1.668923375,766
21/3/2024,17.39246598,0,2,0,3,8,14.12374454,695
22/3/2024,16.56584699,3,1,1,4,4,11.44943745,1084
23/3/2024,17.71661637,4,2,0,5,9,9.006046815,1278
24/3/2024,13.38566615,4,0,1,6,7,12.51236073,1166
25/3/2024,5.642458875,3,0,0,0,2,1.662707974,331
26/3/2024,9.686056051,0,2,1,1,4,7.414163727,803
27/3/2024,11.50738586,4,0,0,2,5,9.636350339,535
28/3/2024,14.6624715,4,0,0,3,3,12.51546714,588
29/3/2024,13.91479594,1,2,0,4,9,11.86030862,873
30/3/2024,18.20183761,0,2,0,5,5,4.517504121,720
31/3/2024,15.05375471,4,0,0,6,2,14.14276246,736
1/4/2024,4.63394794,0,1,0,0,3,2.303014701,262
2/4/2024,13.47569428,3,1,1,1,9,13.18943747,1023
3/4/2024,19.76776863,2,2,1,2,7,14.57863362,1120
4/4/2024,11.96774488,4,2,1,3,2,3.068726087,1295
5/4/2024,15.02331334,1,1,0,4,9,10.96995793,693
6/4/2024,16.31772174,3,0,0,5,4,1.084140022,597
7/4/2024,17.0310092,0,1,1,6,9,6.378630965,1022
8/4/2024,8.782677371,3,1,0,0,2,7.986107838,537
9/4/2024,10.30688783,4,1,0,1,4,8.919355776,730
10/4/2024,15.04659997,0,1,0,2,5,14.0710901,421
11/4/2024,16.03895691,2,2,0,3,2,10.24763497,796
12/4/2024,7.748989039,3,2,0,4,1,7.478530293,948
13/4/2024,14.03355176,4,0,1,5,7,12.24028803,1098
14/4/2024,14.35320293,1,0,1,6,1,14.2827259,701
15/4/2024,4.175508218,0,0,1,0,8,0.819959156,470
16/4/2024,14.97087831,3,0,1,1,3,14.74655845,675
17/4/2024,19.84310973,3,1,1,2,6,1.748916016,1023
18/4/2024,16.25197041,2,2,0,3,7,12.3086083,889
19/4/2024,4.733913271,2,2,0,4,1,4.564853912,813
20/4/2024,7.467221761,1,0,0,5,6,2.416605037,466
21/4/2024,17.46134377,1,0,0,6,7,6.877906776,483
22/4/2024,11.18986788,4,1,1,0,6,9.837370402,1003
23/4/2024,7.847178579,4,1,1,1,4,6.023801753,1032
24/4/2024,2.301602726,1,0,1,2,1,1.29119842,524
25/4/2024,15.49995053,1,2,0,3,9,9.192186525,799
26/4/2024,17.47627648,0,2,1,4,4,13.5848475,1017
27/4/2024,15.42572593,2,2,0,5,7,6.056622806,964
28/4/2024,18.16854904,4,0,1,6,7,3.636825276,1169
29/4/2024,8.286990302,2,2,1,0,2,6.917371516,952
30/4/2024,16.34052458,2,1,0,1,1,1.20125931,450
1/5/2024,18.44293154,1,1,0,2,8,12.39706997,613
2/5/2024,18.07810038,0,0,1,3,8,12.48194176,574
3/5/2024,13.3646024,3,1,1,4,7,9.02600672,1167
4/5/2024,17.61030776,0,0,0,5,8,5.61999189,440
5/5/2024,14.60269561,0,2,1,6,3,12.09685878,1039
6/5/2024,12.06331623,2,2,1,0,2,8.542961859,981
7/5/2024,14.82307532,0,2,0,1,7,12.47601847,582
8/5/2024,9.883395286,4,1,1,2,8,9.656152492,1168
9/5/2024,16.69160745,2,0,0,3,1,11.87387936,377
10/5/2024,9.223402827,4,2,1,4,9,9.179163402,1475
11/5/2024,6.707874522,3,0,0,5,4,6.505045489,654
12/5/2024,16.55674454,2,2,1,6,4,14.39021497,1303
13/5/2024,16.24473225,3,1,0,0,3,8.346150461,507
14/5/2024,10.1023312,2,1,1,1,6,9.273798019,909
15/5/2024,4.468238418,1,0,0,2,1,3.697070772,170
16/5/2024,9.796791698,0,1,1,3,6,9.571936447,800
17/5/2024,11.48037784,1,1,1,4,2,8.788310918,873
18/5/2024,19.3586248,3,0,1,5,9,3.18015677,997
19/5/2024,3.421625229,0,2,1,6,2,1.364012912,1027
20/5/2024,14.4460782,2,1,1,0,7,9.263210136,806
21/5/2024,19.48275013,0,0,1,1,1,11.57353791,363
22/5/2024,16.69474198,4,1,1,2,7,8.089319878,1130
23/5/2024,14.28699213,0,1,1,3,5,3.788203067,773
24/5/2024,16.94975728,4,1,1,4,8,10.16456866,1299
25/5/2024,19.65417517,0,1,0,5,4,1.661533036,571
26/5/2024,12.80554545,4,0,0,6,7,6.90658872,823
27/5/2024,11.62451133,3,0,1,0,6,2.868817997,713
28/5/2024,12.9365241,1,0,0,1,5,3.17465624,199
29/5/2024,11.12084185,2,1,1,2,4,3.433262263,855
30/5/2024,13.06669301,0,1,1,3,7,6.107252327,818
31/5/2024,9.547001951,1,1,0,4,5,1.241677981,648
1/6/2024,6.447707176,2,0,1,5,5,6.268004893,812
2/6/2024,9.138263879,2,1,1,6,1,7.919757983,1002
3/6/2024,8.621060401,4,2,0,0,2,7.507767132,839
4/6/2024,6.061089067,3,1,0,1,5,6.050369456,658
5/6/2024,20.97961624,3,2,1,2,3,12.66762582,1135
6/6/2024,11.77624482,1,1,0,3,2,2.60723704,502
7/6/2024,8.565292496,3,0,0,4,4,7.832602785,565
8/6/2024,16.66616135,0,1,1,5,4,1.399600546,829
9/6/2024,2.410576587,3,2,0,6,4,1.531757344,1096
10/6/2024,9.412592056,1,2,0,0,4,8.82105482,580
11/6/2024,14.87467679,3,1,1,1,3,8.707267161,896
12/6/2024,13.88285004,0,2,0,2,7,13.23148594,636
13/6/2024,11.60228675,4,2,0,3,9,8.589168297,1127
14/6/2024,17.66754969,1,0,1,4,5,14.4169698,688
15/6/2024,17.66797349,4,1,1,5,4,1.206075302,1222
16/6/2024,7.277752074,4,1,1,6,2,1.921111429,1287
17/6/2024,7.467711024,4,1,0,0,2,1.138954993,656
18/6/2024,19.79153881,2,2,1,1,5,3.18651433,1041
19/6/2024,12.89734726,2,1,1,2,7,8.348416609,960
20/6/2024,11.09501389,4,1,0,3,9,9.860796631,919
21/6/2024,16.92489149,1,0,1,4,7,1.16098479,775
22/6/2024,18.42760167,0,0,1,5,5,14.2165779,661
23/6/2024,14.07844308,0,0,1,6,6,12.71139796,716
24/6/2024,6.087756834,3,2,1,0,3,4.800880991,1073
25/6/2024,15.99405609,1,1,0,1,5,1.619219188,402
26/6/2024,11.89363757,2,0,1,2,8,2.963362562,726
27/6/2024,13.51767633,4,0,1,3,1,2.340693999,834
28/6/2024,5.793837747,3,0,0,4,1,2.2876148,524
29/6/2024,9.800168487,0,1,1,5,7,8.019144486,941
30/6/2024,10.27911795,2,1,0,6,5,4.064787916,866
1/7/2024,15.01374923,2,1,0,0,5,5.69302589,519
2/7/2024,15.04822358,4,2,0,1,1,14.84782733,885
3/7/2024,18.33610223,0,2,1,2,9,10.42255661,925
4/7/2024,17.50247862,1,0,0,3,1,14.26021967,253
5/7/2024,2.791536539,2,1,0,4,5,2.567070048,676
6/7/2024,19.16066519,4,0,0,5,9,6.041022385,811
7/7/2024,15.5953698,1,1,1,6,4,8.543611148,974
8/7/2024,14.19455867,0,1,1,0,8,1.612991897,645
9/7/2024,2.561934211,2,1,1,1,6,0.560717933,810
10/7/2024,18.30285501,1,2,1,2,3,10.22129784,982
11/7/2024,9.824231488,1,2,1,3,4,9.806382994,997
12/7/2024,8.435525615,1,1,1,4,2,6.456437745,847
13/7/2024,7.677777484,2,0,1,5,1,7.599839102,832
14/7/2024,8.814500867,2,1,0,6,8,6.523923509,832
15/7/2024,4.24105632,3,1,0,0,1,0.84807315,444
16/7/2024,19.01405808,0,0,0,1,1,5.36288829,61
17/7/2024,9.459676133,4,1,0,2,4,3.067692703,813
18/7/2024,15.98724301,1,0,1,3,6,1.927150742,728
19/7/2024,15.54666474,3,2,0,4,9,14.37244629,1043
20/7/2024,13.85210088,4,2,0,5,1,9.190716013,1084
21/7/2024,11.56449436,3,0,0,6,7,11.06551612,726
22/7/2024,5.449504489,2,2,0,0,5,5.072774277,696
23/7/2024,15.94825637,1,2,1,1,8,6.200633378,1089
24/7/2024,19.44455792,4,0,1,2,7,3.935397912,894
25/7/2024,5.990837209,4,2,1,3,4,1.906002229,1337
26/7/2024,6.15980653,4,1,0,4,4,3.095958743,894
27/7/2024,12.45670618,4,1,1,5,6,12.06395366,1302
28/7/2024,19.69296594,4,0,0,6,6,10.32441418,822
29/7/2024,8.848386219,3,2,1,0,9,8.430468702,1189
30/7/2024,8.732466283,1,1,1,1,5,7.388803157,738
31/7/2024,17.9381203,2,1,1,2,8,13.87529711,968
1/8/2024,1.921143998,2,2,1,3,5,1.554656743,1139
2/8/2024,6.608040938,2,2,1,4,2,4.568711792,1158
3/8/2024,12.47736186,2,1,0,5,6,5.574098877,758
4/8/2024,18.24022313,3,1,1,6,9,11.84517428,1291
5/8/2024,21.58792426,0,0,0,0,3,14.89146199,59
6/8/2024,9.923193719,1,0,0,1,1,3.989722464,203
7/8/2024,16.2647792,4,1,0,2,1,13.17745634,718
8/8/2024,13.22942453,0,0,0,3,3,12.54403003,156
9/8/2024,12.82787422,2,1,0,4,5,3.757532266,737
10/8/2024,9.925131497,0,1,1,5,3,6.290322413,782
11/8/2024,9.501894685,1,0,1,6,9,6.440256605,860
12/8/2024,18.3898348,4,0,1,0,8,14.68419969,842
13/8/2024,12.22648138,4,2,1,1,3,3.12293257,1251
14/8/2024,12.89961607,1,2,0,2,9,12.08779058,715
15/8/2024,17.22858396,1,2,1,3,6,5.345794356,1164
16/8/2024,18.33004251,2,1,1,4,7,11.09762001,1071
17/8/2024,16.83302436,4,0,0,5,4,6.590159562,736
18/8/2024,17.03456764,0,1,0,6,4,8.886216565,578
19/8/2024,15.26575307,3,0,1,0,2,12.57287071,648
20/8/2024,14.15713795,3,1,1,1,5,12.16040069,965
21/8/2024,15.02605458,1,2,0,2,8,13.06313616,779
22/8/2024,5.151686853,2,2,1,3,7,1.364451217,1206
23/8/2024,11.36667681,3,2,1,4,7,10.53473302,1342
24/8/2024,3.071033482,4,1,1,5,6,2.529816962,1264
25/8/2024,6.536483639,1,0,1,6,3,6.529369236,755
26/8/2024,16.51696133,0,0,0,0,5,8.454532018,94
27/8/2024,6.406683733,1,2,0,1,1,6.339722529,604
28/8/2024,16.54592671,0,2,0,2,7,8.034369299,657
29/8/2024,15.12263351,1,2,1,3,9,14.94963148,1041
30/8/2024,17.71739087,1,2,1,4,1,2.460651049,1039
31/8/2024,11.92081153,1,0,1,5,2,10.29411266,695
1/9/2024,7.034993196,0,1,1,6,3,6.242014013,859
2/9/2024,13.83298394,0,1,1,0,3,2.428642084,548
3/9/2024,2.999874245,1,1,0,1,8,2.801683069,543
4/9/2024,18.61569428,3,1,1,2,7,14.26446004,1068
5/9/2024,18.65910719,2,2,1,3,6,13.2542217,1146
6/9/2024,16.85810779,2,2,0,4,4,13.65210843,892
7/9/2024,17.3737223,2,2,1,5,9,14.87722525,1300
8/9/2024,14.86734587,0,1,0,6,1,3.520573155,478
9/9/2024,17.76291257,0,2,0,0,2,5.653870392,421
10/9/2024,13.74791709,3,2,0,1,4,10.20367593,855
11/9/2024,7.866369056,2,0,0,2,3,7.515136828,388
12/9/2024,13.81754921,2,0,0,3,1,6.566648234,385
13/9/2024,6.637825181,1,2,1,4,5,5.688263115,1121
14/9/2024,14.65015537,0,0,0,5,7,9.109819163,405
15/9/2024,19.12662942,2,0,0,6,2,8.846104715,520
16/9/2024,14.70647557,3,2,1,0,5,2.841138594,1112
17/9/2024,17.39472956,3,2,1,1,6,7.340227644,1194
18/9/2024,12.11997302,2,2,0,2,7,8.525340755,862
19/9/2024,14.63387037,0,2,1,3,1,8.769160612,905
20/9/2024,16.76216358,3,1,1,4,7,3.546554297,1161
21/9/2024,12.63578586,1,1,0,5,4,11.26293519,640
22/9/2024,17.56035682,3,2,0,6,8,0.865386875,1192
23/9/2024,5.877190338,4,0,1,0,4,5.645061905,779
24/9/2024,13.64054994,4,2,0,1,6,11.8130834,943
25/9/2024,16.2067427,0,2,0,2,9,8.676447355,675
26/9/2024,13.59062575,2,0,1,3,5,4.286855271,727
